순번,상품ID,상품명,가격(RMB),상세URL,다운로드사진수,저장폴더
1,1077196468019,vintage古着皮衣 男士修身机车款头层绵羊皮真皮外套时尚夹克 E1,,https://item.taobao.com/item.htm?id=1077196468019&mi_id=0000ny7GAY_eEA-5pJCJ2HRuEtR2_54HNgGqTP-gorvJQgw&spm=a21xtw.29978518.0.0&xxc=shop&sku_properties=20509%3A838956228,420,c:\Users\passp\Desktop\univercity\4-2\taobao_jackets\downloaded_jackets\item_1077196468019
1,811036195091,vintage古着 复古麂皮绒西装夹克商务西服休闲单排扣外套男女AC91,,https://item.taobao.com/item.htm?id=811036195091&mi_id=0000OjFrV_tVbHu3JoQN7diJF9q-8_bfsB2wIH3LOpTvqzM&spm=a21xtw.29178619.0.0&xxc=shop&sku_properties=20509%3A806856738,150,c:\Users\passp\Desktop\univercity\4-2\taobao_jackets\downloaded_jackets\item_811036195091
2,1080043211319,vintage古着皮衣 长袖秋冬季个性防风百搭外套翻领保暖休闲男Q118,,https://item.taobao.com/item.htm?id=1080043211319&mi_id=0000hh7mw4MqD71Hm0NwV635teqUSy_bCETsQniF57b87VU&spm=a21xtw.29178619.0.0&xxc=shop&sku_properties=20509%3A838956228,179,c:\Users\passp\Desktop\univercity\4-2\taobao_jackets\downloaded_jackets\item_1080043211319
3,1083932831050,vintage古着皮衣 商务休闲百搭款头层牛皮男士西服简约款外套P306,,https://item.taobao.com/item.htm?id=1083932831050&mi_id=00001WPqsE8jWzHXaH90QLpI5s9M7BGa-LsEh6zjHNRo3aw&spm=a21xtw.29178619.0.0&xxc=shop&sku_properties=20509%3A838956228,164,c:\Users\passp\Desktop\univercity\4-2\taobao_jackets\downloaded_jackets\item_1083932831050
4,1071816497728,vintage古着皮衣 商务休闲百搭款头层羊皮男士西服简约款外套P1,,https://item.taobao.com/item.htm?id=1071816497728&mi_id=0000Tyh0mpFohIQwwqKGnkbdGpzzRIMOrXZ49mniuTEbexU&spm=a21xtw.29178619.0.0&xxc=shop&sku_properties=20509%3A838956228,221,c:\Users\passp\Desktop\univercity\4-2\taobao_jackets\downloaded_jackets\item_1071816497728
5,1075139885104,vintage古着皮衣 长袖秋冬季个性防风百搭外套翻领保暖休闲男Q61,,https://item.taobao.com/item.htm?id=1075139885104&mi_id=0000R7-5mX-qTux_R_YoRwNdZNfcBP1X5zLAzyUa30PA4zo&spm=a21xtw.29178619.0.0&xxc=shop&sku_properties=20509%3A838956228,212,c:\Users\passp\Desktop\univercity\4-2\taobao_jackets\downloaded_jackets\item_1075139885104
6,1078567805117,vintage古着皮衣 长袖秋冬季个性防风百搭外套翻领保暖休闲男Q91,,https://item.taobao.com/item.htm?id=1078567805117&mi_id=0000RHQmwXaHC8phUFzr7hY6oYeZgwFs0LfGT9muXHkN7QQ&spm=a21xtw.29178619.0.0&xxc=shop&sku_properties=20509%3A838956228,213,c:\Users\passp\Desktop\univercity\4-2\taobao_jackets\downloaded_jackets\item_1078567805117
7,1061875162656,vintage古着皮衣 港式复古风宽松机车款皮夹克飞行员外套男款M1,,https://item.taobao.com/item.htm?id=1061875162656&mi_id=0000kO2gYbXQP0EeNoTlp4KKlH5u16QlcNDYaE4C0sMi-7o&spm=a21xtw.29178619.0.0&xxc=shop&sku_properties=20509%3A838956228,196,c:\Users\passp\Desktop\univercity\4-2\taobao_jackets\downloaded_jackets\item_1061875162656
8,1069955447343,vintage古着皮衣 美式复古短款宽松飞行员皮夹克真皮男款外套M41,,https://item.taobao.com/item.htm?id=1069955447343&mi_id=0000qjBoA6oY0O0u3t7pz13L3_71hk-66-J1Ylqd7Q2Pk94&spm=a21xtw.29178619.0.0&xxc=shop&sku_properties=20509%3A838956228,203,c:\Users\passp\Desktop\univercity\4-2\taobao_jackets\downloaded_jackets\item_1069955447343
9,1075374113206,vintage古着皮衣 男士修身机车款头层绵羊皮真皮外套时尚夹克 U61,,https://item.taobao.com/item.htm?id=1075374113206&mi_id=0000tGEOfwUaAh-ty6009QYtAFJAGfv1KxOyw7g173bPRms&spm=a21xtw.29178619.0.0&xxc=shop&sku_properties=20509%3A838956228,177,c:\Users\passp\Desktop\univercity\4-2\taobao_jackets\downloaded_jackets\item_1075374113206
10,1081695145771,vintage古着皮衣 商务休闲百搭款头层羊皮男士西服简约款外套P211,,https://item.taobao.com/item.htm?id=1081695145771&mi_id=0000u8lHHNFw0lKtiiNMPocoeu1qTP2ZjHNC6wE6DRFJIic&spm=a21xtw.29178619.0.0&xxc=shop&sku_properties=20509%3A838956228,235,c:\Users\passp\Desktop\univercity\4-2\taobao_jackets\downloaded_jackets\item_1081695145771
11,1054456462690,vintage古着皮衣 男士修身机车款头层绵羊皮真皮外套时尚夹克 X31,,https://item.taobao.com/item.htm?id=1054456462690&mi_id=00003ZahrCO5DXEc4MSPr5zfbLdgSNlE6bh3CY0Y4Ah-Edo&spm=a21xtw.29178619.0.0&xxc=shop&sku_properties=20509%3A838956228,232,c:\Users\passp\Desktop\univercity\4-2\taobao_jackets\downloaded_jackets\item_1054456462690
12,1055642429134,vintage古着皮衣 男士修身机车款头层绵羊皮真皮外套时尚夹克X271,,https://item.taobao.com/item.htm?id=1055642429134&mi_id=0000EmQqUq6xWszvM4F3RqyDRS_9NlI4Tf6_w-unFa4M158&spm=a21xtw.29178619.0.0&xxc=shop,2,c:\Users\passp\Desktop\univercity\4-2\taobao_jackets\downloaded_jackets\item_1055642429134
13,1062441766322,vintage古着皮衣 商务休闲百搭款头层羊皮男士西服简约款外套P31,,https://item.taobao.com/item.htm?id=1062441766322&mi_id=0000d8OxaaDRt6lEBCA9e9ikVzJC-HKeXH9ypqypkTmedxE&spm=a21xtw.29178619.0.0&xxc=shop,2,c:\Users\passp\Desktop\univercity\4-2\taobao_jackets\downloaded_jackets\item_1062441766322
14,1071811849639,vintage古着皮衣 男士修身机车款头层绵羊皮真皮外套时尚夹克X1,,https://item.taobao.com/item.htm?id=1071811849639&mi_id=0000MQAEgN8MPGsaZPGptS9CuwOBdBmc9trL_9WDN6oYIeI&spm=a21xtw.29178619.0.0&xxc=shop,2,c:\Users\passp\Desktop\univercity\4-2\taobao_jackets\downloaded_jackets\item_1071811849639
15,1073332440807,vintage古着皮衣 男士修身机车款头层绵羊皮真皮外套时尚夹克 X61,,https://item.taobao.com/item.htm?id=1073332440807&mi_id=0000Wlf7wxMnGHk2PPiEI3ANAUrHYsaJnHTyTse84KUKLR4&spm=a21xtw.29178619.0.0&xxc=shop,1,c:\Users\passp\Desktop\univercity\4-2\taobao_jackets\downloaded_jackets\item_1073332440807
16,1074826657600,vintage古着皮衣 商务休闲百搭款头层羊皮男士西服简约款外套P121,,https://item.taobao.com/item.htm?id=1074826657600&mi_id=0000ODFiikhVhNUJMPDQwAxMOYXGe8zdUKnHD2GVUrbn13Q&spm=a21xtw.29178619.0.0&xxc=shop,2,c:\Users\passp\Desktop\univercity\4-2\taobao_jackets\downloaded_jackets\item_1074826657600
17,1075294704720,vintage古着皮衣 男士修身机车款头层绵羊皮真皮外套时尚夹克 X91,,https://item.taobao.com/item.htm?id=1075294704720&mi_id=0000kNLzud7RxYJJ74YArP6fzyMFnUY5AxxpuNq4NHnVTTM&spm=a21xtw.29178619.0.0&xxc=shop,2,c:\Users\passp\Desktop\univercity\4-2\taobao_jackets\downloaded_jackets\item_1075294704720
1,1082717808296,vintage古着皮衣 复古机车风美式经典皮夹克头层牛皮外套男士V154,,https://item.taobao.com/item.htm?id=1082717808296&mi_id=0000sQhOtNhpDhJ1tGlaJEqrmXoSO6ADaZmth7MWl4S1wP4&spm=a21xtw.29978516.0.0&xxc=shop&skuId=6133843852560,13,c:\Users\passp\Desktop\univercity\4-2\taobao_jackets\downloaded_jackets\item_1082717808296
2,963160907330,vintage古着皮衣 复古重工头层牛皮西部印第安流苏夹克外套 V2,,https://item.taobao.com/item.htm?id=963160907330&mi_id=0000texXRtofEsIzn9VdJIbr57lv5T0l3VRG4gfDk2BVmQc&spm=a21xtw.29978516.0.0&xxc=shop&skuId=6069666995393,15,c:\Users\passp\Desktop\univercity\4-2\taobao_jackets\downloaded_jackets\item_963160907330
3,1080314843824,vintage古着皮衣 水貂毛皮草冬季外套整貂大翻领夹克双面可穿V161,,https://item.taobao.com/item.htm?id=1080314843824&mi_id=00006IJIU-IYDgQCHTmgH4dotuk_P6_dz4IpYEgD1dGJzXM&spm=a21xtw.29978516.0.0&xxc=shop&skuId=6299301742939,13,c:\Users\passp\Desktop\univercity\4-2\taobao_jackets\downloaded_jackets\item_1080314843824
4,982964565711,vintage古着皮衣 复古吉普赛长袖流苏摩托车男士皮夹克外套 V64,,https://item.taobao.com/item.htm?id=982964565711&mi_id=0000_kmn_oKVzMm048QP-6QoVRdcUFv8HXa-8SJ0qUFnkrc&spm=a21xtw.29978516.0.0&xxc=shop&skuId=6108828551370,14,c:\Users\passp\Desktop\univercity\4-2\taobao_jackets\downloaded_jackets\item_982964565711
5,970351720471,vintage古着皮衣 复古吉普赛长袖流苏摩托车男士皮夹克外套W28,,https://item.taobao.com/item.htm?id=970351720471&mi_id=00009XJxyR5eQnptp9oKHpwCdJk-1I-N0uR8ifLzjeAbxcs&spm=a21xtw.29978516.0.0&xxc=shop&skuId=5918363197404,13,c:\Users\passp\Desktop\univercity\4-2\taobao_jackets\downloaded_jackets\item_970351720471
6,1078044637886,vintage古着皮衣 美式A2复古短款宽松飞行员皮夹克外套男女 V82,,https://item.taobao.com/item.htm?id=1078044637886&mi_id=0000J87OeNLQxFOGILOF-Cmjr8xBRvuuQOhOTWvE4UBOEds&spm=a21xtw.29978516.0.0&xxc=shop&skuId=6294096667192,14,c:\Users\passp\Desktop\univercity\4-2\taobao_jackets\downloaded_jackets\item_1078044637886
7,1079411133222,vintage古着皮衣 美式复古短款斜拉链机车服皮夹克摩托车外套V99,,https://item.taobao.com/item.htm?id=1079411133222&mi_id=0000w1OuQ1a-Nph0fojG5wOAAdYHmsfTexWgI4WspkWPjyY&spm=a21xtw.29978516.0.0&xxc=shop&skuId=6295676018541,13,c:\Users\passp\Desktop\univercity\4-2\taobao_jackets\downloaded_jackets\item_1079411133222
8,1080314063229,vintage古着皮衣 水貂毛皮草冬季外套整貂大翻领夹克双面可穿V160,,https://item.taobao.com/item.htm?id=1080314063229&mi_id=0000Zt3fqt7LEt7EReo8qhRbOjA5DBu7olECyjVOMPODw-8&spm=a21xtw.29978516.0.0&xxc=shop&skuId=6299301358248,17,c:\Users\passp\Desktop\univercity\4-2\taobao_jackets\downloaded_jackets\item_1080314063229
9,967752064868,vintage古着皮衣 复古磨砂牛皮西部印第安流苏摩托车夹克外套W25,,https://item.taobao.com/item.htm?id=967752064868&mi_id=0000CpL3azyK72rPccTNyTdhr7lqhwh2yfebBQiB9qIN-NE&spm=a21xtw.29978516.0.0&xxc=shop&skuId=5913183157231,14,c:\Users\passp\Desktop\univercity\4-2\taobao_jackets\downloaded_jackets\item_967752064868
10,738083059484,vintage古着皮衣 美式复古休闲款夹克外套阿美咔叽男款 鹿皮U22,,https://item.taobao.com/item.htm?id=738083059484&mi_id=0000ACRuZbzV72PT7o-iaU_Emu0wRmVKDC0FobF0rvobpJI&spm=a21xtw.29978516.0.0&xxc=shop&skuId=5266998571770,12,c:\Users\passp\Desktop\univercity\4-2\taobao_jackets\downloaded_jackets\item_738083059484
11,1077843058059,vintage古着皮衣 美式复古短款斜拉链机车服皮夹克摩托车外套V93,,https://item.taobao.com/item.htm?id=1077843058059&mi_id=0000rLkfn1yPoJSxZPfevD-wiotk4Fw7mp80gSWYvSGbTWo&spm=a21xtw.29978516.0.0&xxc=shop&skuId=6294984198132,17,c:\Users\passp\Desktop\univercity\4-2\taobao_jackets\downloaded_jackets\item_1077843058059
12,1081834756981,vintage古着皮衣 复古美式短款拉链款机车服皮夹克摩托车外套V100,,https://item.taobao.com/item.htm?id=1081834756981&mi_id=0000_w0jyA9LsQZQFeHPH58TnEFc0fblYp27HJZlamlATGM&spm=a21xtw.29978516.0.0&xxc=shop&skuId=6297468266422,13,c:\Users\passp\Desktop\univercity\4-2\taobao_jackets\downloaded_jackets\item_1081834756981
13,1076140587381,vintage古着皮衣 美式A2复古短款宽松飞行员皮夹克外套男女 V80,,https://item.taobao.com/item.htm?id=1076140587381&mi_id=0000TMKrjFrxunsbgRkWBhL-0I3t-bzDMsCzF8FldykddzU&spm=a21xtw.29978516.0.0&xxc=shop&skuId=6129113104002,14,c:\Users\passp\Desktop\univercity\4-2\taobao_jackets\downloaded_jackets\item_1076140587381
14,1076689119808,vintage古着皮衣 美式A2复古短款宽松飞行员皮夹克外套男女 V87,,https://item.taobao.com/item.htm?id=1076689119808&mi_id=00009sVKunp5SZGL0bD850jn8xXe-6gn2qiIEywMBBhWFdI&spm=a21xtw.29978516.0.0&xxc=shop&skuId=6294863343539,12,c:\Users\passp\Desktop\univercity\4-2\taobao_jackets\downloaded_jackets\item_1076689119808
15,1081837888025,vintage古着皮衣 美式休闲拉链款机车服皮夹克摩托车真皮外套V102,,https://item.taobao.com/item.htm?id=1081837888025&mi_id=00007eq3LGWe-K5mETtKlj5Bd8BVjolA8sYodLojNjh5Kec&spm=a21xtw.29978516.0.0&xxc=shop,2,c:\Users\passp\Desktop\univercity\4-2\taobao_jackets\downloaded_jackets\item_1081837888025
16,1082130592462,vintage古着皮衣 美式休闲拉链款机车服皮夹克摩托车真皮外套V103,,https://item.taobao.com/item.htm?id=1082130592462&mi_id=0000rGXx964OHlJC0fnqKmsEoUTqDKxOmv1OtudhZxxOzO0&spm=a21xtw.29978516.0.0&xxc=shop,2,c:\Users\passp\Desktop\univercity\4-2\taobao_jackets\downloaded_jackets\item_1082130592462
17,680877999136,vintage古着皮衣 复古美式休闲刺绣贴布棒球服宽松空军夹克外套14,,https://item.taobao.com/item.htm?id=680877999136&mi_id=0000gifhLscogikJRnwCdNqMCJyWBut4T0T250JOqtEJIlY&spm=a21xtw.29978516.0.0&xxc=shop,2,c:\Users\passp\Desktop\univercity\4-2\taobao_jackets\downloaded_jackets\item_680877999136
18,742216959144,vintage古着皮衣 美式休闲刺绣贴布棒球服宽松夹克真皮外套V246,,https://item.taobao.com/item.htm?id=742216959144&mi_id=0000lAhz9dQFEavS6N551DRgM6P8JDqLpEG50mePJfblTns&spm=a21xtw.29978516.0.0&xxc=shop,2,c:\Users\passp\Desktop\univercity\4-2\taobao_jackets\downloaded_jackets\item_742216959144
19,758951256874,vintage古着皮衣 美式休闲拉链款机车服皮夹克摩托车真皮外套W425,,https://item.taobao.com/item.htm?id=758951256874&mi_id=0000GsPWnCUaPvmM_avKO8GIKX1mFfvbM5T7okfiG5w-XOY&spm=a21xtw.29978516.0.0&xxc=shop,2,c:\Users\passp\Desktop\univercity\4-2\taobao_jackets\downloaded_jackets\item_758951256874
